Dato,Tid,Vindretning,Vindstyrke,Vindkast
2024-08-12,00:00,139,1.6,2.7
2024-08-12,00:10,137,1.9,2.7
2024-08-12,00:20,141,1.9,2.7
2024-08-12,00:30,143,1.8,2.7
2024-08-12,00:40,153,2.3,3.3
2024-08-12,00:50,155,2.1,3
2024-08-12,01:00,152,1.5,2.4
2024-08-12,01:10,150,0.9,1.8
2024-08-12,01:20,148,1.6,2.7
2024-08-12,01:30,139,1.6,2.4
2024-08-12,01:40,141,1.6,2.4
2024-08-12,01:50,137,1.6,2.4
2024-08-12,02:00,139,1.7,2.4
2024-08-12,02:10,147,2,2.7
2024-08-12,02:20,136,1.3,2.7
2024-08-12,02:30,134,1.2,1.8
2024-08-12,02:40,139,1,1.5
2024-08-12,02:50,139,0.8,1.2
2024-08-12,03:00,139,0.5,1.2
2024-08-12,03:10,139,0.5,1.2
2024-08-12,03:20,139,0.5,0.9
2024-08-12,03:30,139,0.8,1.2
2024-08-12,03:40,139,0.6,0.9
2024-08-12,03:50,139,0.8,1.2
2024-08-12,04:00,140,0.5,0.9
2024-08-12,04:10,140,0.4,0.9
2024-08-12,04:20,140,0.2,0.6
2024-08-12,04:30,140,0.5,0.9
2024-08-12,04:40,140,0.5,0.9
2024-08-12,04:50,140,0.6,1.2
2024-08-12,05:00,140,0.8,1.5
2024-08-12,05:10,140,0.5,1.2
2024-08-12,05:20,140,0.7,1.5
2024-08-12,05:30,140,0.6,1.5
2024-08-12,05:40,140,0.9,1.8
2024-08-12,05:50,134,1.3,2.1
2024-08-12,06:00,130,1,1.5
2024-08-12,06:10,129,0.8,1.5
2024-08-12,06:20,129,0.3,1.5
2024-08-12,06:30,129,0.8,2.4
2024-08-12,06:40,129,0.2,0.6
2024-08-12,06:50,122,0.5,1.2
2024-08-12,07:00,110,0.4,1.5
2024-08-12,07:10,108,1.1,2.4
2024-08-12,07:20,119,0.9,2.1
2024-08-12,07:30,119,0.5,1.2
2024-08-12,07:40,119,0.6,1.8
2024-08-12,07:50,116,0.8,1.8
2024-08-12,08:00,135,0.4,1.5
2024-08-12,08:10,202,0.6,1.5
2024-08-12,08:20,335,1.5,3
2024-08-12,08:30,349,1,1.8
2024-08-12,08:40,338,1.2,2.4
2024-08-12,08:50,323,0.9,1.8
2024-08-12,09:00,251,1.1,2.4
2024-08-12,09:10,289,1.6,3.3
2024-08-12,09:20,324,1.3,3.3
2024-08-12,09:30,315,1.3,3.6
2024-08-12,09:40,272,0.7,1.8
2024-08-12,09:50,300,1.2,2.4
2024-08-12,10:00,281,1.5,3.3
2024-08-12,10:10,303,1.8,3.9
2024-08-12,10:20,331,1.5,2.7
2024-08-12,10:30,331,1.6,2.7
2024-08-12,10:40,315,1.3,2.7
2024-08-12,10:50,321,1.9,3.6
2024-08-12,11:00,330,1.3,2.7
2024-08-12,11:10,11,1.1,3.3
2024-08-12,11:20,336,2.1,3.3
2024-08-12,11:30,328,2.3,3.6
2024-08-12,11:40,341,2,3.9
2024-08-12,11:50,341,2.2,3.3
2024-08-12,12:00,334,2.1,3.6
2024-08-12,12:10,322,2.1,3.6
2024-08-12,12:20,318,1.1,2.4
2024-08-12,12:30,281,1.1,2.7
2024-08-12,12:40,182,1.4,3.3
2024-08-12,12:50,239,0.8,2.4
2024-08-12,13:00,197,1.1,2.4
2024-08-12,13:10,163,2.9,5.1
2024-08-12,13:20,184,2,4.5
2024-08-12,13:30,320,1.6,3.3
2024-08-12,13:40,321,1.9,3.3
2024-08-12,13:50,334,1,2.4
2024-08-12,14:00,171,3.3,6.6
2024-08-12,14:10,179,4,7.2
2024-08-12,14:20,169,4.8,7.2
2024-08-12,14:30,177,4,6.9
2024-08-12,14:40,161,4.2,6.6
2024-08-12,14:50,144,4.9,7.8
2024-08-12,15:00,157,4.9,7.8
2024-08-12,15:10,176,4.5,8.1
2024-08-12,15:30,163,5.1,7.5
2024-08-12,15:40,159,4.8,7.5
2024-08-12,15:50,164,3.1,6.9
2024-08-12,16:00,167,3.3,5.7
2024-08-12,16:10,170,3.1,5.4
2024-08-12,16:20,172,3,4.8
2024-08-12,16:30,164,3.1,5.1
2024-08-12,16:40,165,2.4,4.5
2024-08-12,16:50,178,1.8,3.6
2024-08-12,17:00,190,1.9,3.3
2024-08-12,17:10,207,1,2.4
2024-08-12,17:20,159,2.4,3.9
2024-08-12,17:30,158,3.3,4.8
2024-08-12,17:40,163,2.5,5.1
2024-08-12,17:50,151,2.2,3.6
2024-08-12,18:00,142,2.3,3.9
2024-08-12,18:10,132,3.4,5.4
2024-08-12,18:20,135,4.2,5.4
2024-08-12,18:30,153,3.9,6
2024-08-12,18:40,166,4,5.4
2024-08-12,18:50,176,2.2,3.9
2024-08-12,19:00,118,1.6,3.3
2024-08-12,19:10,113,2.8,4.2
2024-08-12,19:20,129,3.2,4.8
2024-08-12,19:30,134,3.4,5.1
2024-08-12,19:40,133,3,4.8
2024-08-12,19:50,129,3.1,5.4
2024-08-12,20:00,117,3.8,5.7
2024-08-12,20:10,121,2.7,3.9
2024-08-12,20:20,116,1.6,2.7
2024-08-12,20:30,101,0.9,1.8
2024-08-12,20:40,100,1,1.8
2024-08-12,20:50,103,2.1,3.6
2024-08-12,21:00,124,2.5,3.9
2024-08-12,21:10,135,2.8,4.8
2024-08-12,21:20,140,3.6,4.8
2024-08-12,21:30,147,2.5,4.5
2024-08-12,21:40,125,1.8,2.7
2024-08-12,21:50,124,1.9,3
2024-08-12,22:00,122,1.4,2.4
2024-08-12,22:10,143,1,2.7
2024-08-12,22:20,311,1.4,2.7
2024-08-12,22:30,73,1,1.5
2024-08-12,22:40,152,0.3,1.8
2024-08-12,22:50,192,1.2,2.1
2024-08-12,23:00,327,1.4,2.7
2024-08-12,23:10,330,0.7,1.8
2024-08-12,23:20,322,0.7,1.8
2024-08-12,23:30,320,0.9,1.8
2024-08-12,23:40,318,0.3,1.2
2024-08-12,23:50,89,1.2,2.1
2024-08-13,00:00,105,0.4,1.2
2024-08-13,00:10,105,0.8,1.5
2024-08-13,00:20,105,0.5,0.9
2024-08-13,00:30,105,0,0.6
2024-08-13,00:40,105,0.5,0.9
2024-08-13,00:50,105,0.5,0.9
2024-08-13,01:00,105,0.4,1.2
2024-08-13,01:10,105,0.6,1.8
2024-08-13,01:20,328,1.6,2.4
2024-08-13,01:30,360,1.3,2.1
2024-08-13,01:40,143,1.4,2.7
2024-08-13,01:50,162,1.2,1.8
2024-08-13,02:00,162,1,1.5
2024-08-13,02:10,162,1.1,2.1
2024-08-13,02:20,162,0.6,1.5
2024-08-13,02:30,162,0.6,0.9
2024-08-13,02:40,162,0.8,1.5
2024-08-13,02:50,162,0.2,1.2
2024-08-13,03:00,162,0.8,1.5
2024-08-13,03:10,162,0.9,1.5
2024-08-13,03:20,162,0.2,0.9
2024-08-13,03:30,162,0.6,1.2
2024-08-13,03:40,162,0.2,0.6
2024-08-13,03:50,162,0.5,1.2
2024-08-13,04:00,162,0.9,1.5
2024-08-13,04:10,162,0.5,1.2
2024-08-13,04:20,162,0.2,0.9
2024-08-13,04:30,162,0.2,1.2
2024-08-13,04:40,163,1,1.8
2024-08-13,04:50,156,1,1.8
2024-08-13,05:00,152,0.7,1.2
2024-08-13,05:10,171,0.8,1.8
2024-08-13,05:20,323,2.2,4.8
2024-08-13,05:30,140,1,2.4
2024-08-13,05:40,223,0.9,1.8
2024-08-13,05:50,224,0.2,0.9
2024-08-13,06:00,214,0.7,1.5
2024-08-13,06:10,240,1.2,1.8
2024-08-13,06:20,293,0.8,1.8
2024-08-13,06:30,292,1.4,2.4
2024-08-13,06:40,308,1.3,3
2024-08-13,06:50,320,1.2,2.7
2024-08-13,07:00,301,0.8,2.4
2024-08-13,07:10,306,1.1,2.7
2024-08-13,07:20,318,0.5,1.5
2024-08-13,07:30,318,0.5,1.2
2024-08-13,07:40,318,0.2,0.9
2024-08-13,07:50,318,0.4,1.2
2024-08-13,08:00,4,0.6,1.8
2024-08-13,08:10,95,0.4,1.2
2024-08-13,08:20,95,0.3,0.9
2024-08-13,08:30,94,0.8,2.1
2024-08-13,08:40,326,2.4,3.9
2024-08-13,08:50,282,2.2,3.6
2024-08-13,09:00,308,0.5,1.2
2024-08-13,09:10,312,0.3,0.9
2024-08-13,09:20,313,0.8,1.5
2024-08-13,09:30,88,1,1.8
2024-08-13,09:40,103,1.1,1.8
2024-08-13,09:50,110,0.5,1.2
2024-08-13,10:00,45,0.9,1.8
2024-08-13,10:10,356,1,2.1
2024-08-13,10:20,307,0.8,1.5
2024-08-13,10:30,293,0.6,1.8
2024-08-13,10:40,293,0.6,1.5
2024-08-13,10:50,103,0.8,2.4
2024-08-13,11:00,108,1,2.4
2024-08-13,11:10,279,1.9,4.8
2024-08-13,11:20,312,2.2,3.9
2024-08-13,11:30,17,1.3,2.7
2024-08-13,11:40,54,0.5,1.8
2024-08-13,11:50,138,2,3.3
2024-08-13,12:00,123,2.7,4.2
2024-08-13,12:10,150,2.2,3
2024-08-13,12:20,165,2.2,3.6
2024-08-13,12:30,132,1.3,2.7
2024-08-13,12:40,127,1.3,2.1
2024-08-13,12:50,126,2.6,4.8
2024-08-13,13:00,136,3.6,5.4
2024-08-13,13:10,146,4.6,6.3
2024-08-13,13:20,164,3.9,5.4
2024-08-13,13:30,170,3.7,5.4
2024-08-13,13:40,158,4.8,6.9
2024-08-13,13:50,153,5.1,7.5
2024-08-13,14:00,154,4.6,8.1
2024-08-13,14:10,152,5.1,10.2
2024-08-13,14:20,148,4,9.9
2024-08-13,14:30,138,5.2,9
2024-08-13,14:40,147,4.2,7.8
2024-08-13,14:50,151,4.5,7.2
2024-08-13,15:00,146,4,6.6
2024-08-13,15:10,144,4,6.6
2024-08-13,15:20,138,3.7,6.6
2024-08-13,15:30,138,3.4,6.6
2024-08-13,15:40,146,4.4,7.8
2024-08-13,15:50,150,2.8,4.8
2024-08-13,16:00,153,2.6,4.2
2024-08-13,16:10,151,1.6,3.6
2024-08-13,16:20,160,1.6,3
2024-08-13,16:30,155,1.2,1.8
2024-08-13,16:40,144,1,1.8
2024-08-13,16:50,139,1.2,2.4
2024-08-13,17:00,138,1.3,2.7
2024-08-13,17:10,289,2.3,3.9
2024-08-13,17:20,318,3.5,5.1
2024-08-13,17:30,305,3.3,6.3
2024-08-13,17:40,259,1.9,3.9
2024-08-13,17:50,98,1.2,2.4
2024-08-13,18:00,119,2.9,5.4
2024-08-13,18:10,125,2.8,4.8
2024-08-13,18:20,122,2.5,3.9
2024-08-13,18:30,124,2.6,4.2
2024-08-13,18:40,118,2.9,5.1
2024-08-13,18:50,117,3.4,4.8
2024-08-13,19:00,122,3.4,4.8
2024-08-13,19:10,132,3.3,6
2024-08-13,19:20,155,2.5,4.2
2024-08-13,19:30,139,2,3
2024-08-13,19:40,141,2.5,3.6
2024-08-13,19:50,153,2.4,3
2024-08-13,20:00,135,2.5,3.3
2024-08-13,20:10,138,2.1,2.7
2024-08-13,20:20,158,2,2.7
2024-08-13,20:40,120,1.9,2.7
2024-08-13,20:50,120,1.6,2.1
2024-08-13,21:00,122,1.8,2.4
2024-08-13,21:10,123,2.4,3
2024-08-13,21:20,153,1.9,2.7
2024-08-13,21:30,167,2,2.7
2024-08-13,21:40,154,1.3,1.8
2024-08-13,21:50,123,1.6,2.4
2024-08-13,22:00,105,1.9,3.6
2024-08-13,22:10,120,2.2,3.3
2024-08-13,22:20,124,1.6,2.7
2024-08-13,22:30,117,0.9,1.8
2024-08-13,22:40,134,2.1,3.9
2024-08-13,22:50,116,2.5,3.9
2024-08-13,23:00,126,2.4,3.6
2024-08-13,23:10,119,2.9,4.2
2024-08-13,23:20,129,3,4.5
2024-08-13,23:30,138,2.5,4.2
2024-08-13,23:40,116,1.6,2.4
2024-08-13,23:50,124,1.3,2.1
2024-08-14,00:00,118,1.3,2.1
2024-08-14,00:10,112,1.9,2.7
2024-08-14,00:20,121,1.9,2.7
2024-08-14,00:30,133,2,3.3
2024-08-14,00:40,127,2.1,3.3
2024-08-14,00:50,133,1.8,3.3
2024-08-14,01:00,132,2.6,3.9
2024-08-14,01:10,125,3,4.8
2024-08-14,01:20,130,2.6,4.2
2024-08-14,01:30,136,2,3.6
2024-08-14,01:40,152,3.1,7.8
2024-08-14,01:50,156,2.7,6.9
2024-08-14,02:00,132,3,5.4
2024-08-14,02:10,125,3.4,6
2024-08-14,02:20,118,2.9,4.8
2024-08-14,02:30,118,3.4,5.4
2024-08-14,02:40,126,2.9,4.8
2024-08-14,02:50,137,2.5,4.5
2024-08-14,03:00,145,3.2,6.6
2024-08-14,03:10,150,2.7,5.1
2024-08-14,03:20,152,2.7,6.3
2024-08-14,03:30,147,3.7,6.9
2024-08-14,03:40,135,3.6,6.3
2024-08-14,03:50,135,4,7.5
2024-08-14,04:00,139,3.4,6.6
2024-08-14,04:10,148,4.3,7.2
2024-08-14,04:20,147,4.6,8.4
2024-08-14,04:30,147,5.6,11.3
2024-08-14,04:40,158,5.2,9.3
2024-08-14,04:50,154,5.7,9.6
2024-08-14,05:00,157,4.5,8.1
2024-08-14,05:10,163,6.2,10.2
2024-08-14,05:20,193,4.9,10.7
2024-08-14,05:30,173,4.8,9.9
2024-08-14,05:40,177,4.3,9.6
2024-08-14,05:50,168,4.8,9.6
2024-08-14,06:00,166,4.2,7.5
2024-08-14,06:10,184,2.8,5.4
2024-08-14,06:20,191,3.7,8.1
2024-08-14,06:30,180,3.3,8.4
2024-08-14,06:40,168,3.8,7.5
2024-08-14,06:50,163,2.8,8.4
2024-08-14,07:00,193,2.2,7.5
2024-08-14,07:10,187,2.1,5.1
2024-08-14,07:20,158,2.5,4.5
2024-08-14,07:30,157,2.2,3.9
2024-08-14,07:40,130,1.9,2.7
2024-08-14,07:50,128,1.5,3
2024-08-14,08:00,224,2.1,5.4
2024-08-14,08:10,233,2.7,5.4
2024-08-14,08:20,225,1.6,3.9
2024-08-14,08:30,216,0.8,2.1
2024-08-14,08:40,153,1.4,3
2024-08-14,08:50,178,0.8,1.8
2024-08-14,09:00,200,0.8,2.4
2024-08-14,09:10,161,1.3,3.3
2024-08-14,09:20,133,1.8,2.7
2024-08-14,09:30,145,2.6,3.6
2024-08-14,09:40,147,1.6,3
2024-08-14,09:50,150,1.1,1.8
2024-08-14,10:00,133,1.5,3
2024-08-14,10:10,151,2.5,4.2
2024-08-14,10:20,169,2,4.2
2024-08-14,10:30,183,2.2,4.8
2024-08-14,10:40,160,2,4.2
2024-08-14,10:50,134,2.3,3.9
2024-08-14,11:00,132,2.9,4.2
2024-08-14,11:10,137,2.7,3.9
2024-08-14,11:20,150,2.4,3.3
2024-08-14,11:30,154,2.7,3.9
2024-08-14,11:40,145,2,3.3
2024-08-14,11:50,134,1.4,2.4
2024-08-14,12:00,148,1.7,2.4
2024-08-14,12:10,183,1.2,2.4
2024-08-14,12:20,176,1.3,1.8
2024-08-14,12:30,168,1.1,1.8
2024-08-14,12:40,160,1.3,2.4
2024-08-14,12:50,150,1.5,2.4
2024-08-14,13:00,150,1,1.8
2024-08-14,13:10,150,0.8,1.5
2024-08-14,13:20,144,1.2,2.7
2024-08-14,13:30,121,1.6,2.4
2024-08-14,13:40,130,1.7,2.7
2024-08-14,13:50,153,2.1,3
2024-08-14,14:00,147,1.9,2.7
2024-08-14,14:10,126,1.5,2.4
2024-08-14,14:20,131,1.3,2.4
2024-08-14,14:30,160,1.6,2.7
2024-08-14,14:40,143,1.6,3
2024-08-14,14:50,148,0.9,2.4
2024-08-14,15:00,163,0.9,1.8
2024-08-14,15:10,156,1.8,3.3
2024-08-14,15:20,159,1.9,3
2024-08-14,15:30,162,1.6,2.4
2024-08-14,15:40,160,1,1.8
2024-08-14,15:50,163,1.1,2.1
2024-08-14,16:00,163,0.9,1.8
2024-08-14,16:10,147,1.5,2.4
2024-08-14,16:20,140,1.9,2.7
2024-08-14,16:30,156,1.5,2.4
2024-08-14,16:40,170,1.3,1.8
2024-08-14,16:50,171,1.2,1.8
2024-08-14,17:00,170,0.4,1.5
2024-08-14,17:10,312,1.9,3
2024-08-14,17:20,302,2,3.3
2024-08-14,17:30,318,2.1,3.6
2024-08-14,17:40,324,2.2,3
2024-08-14,17:50,321,1.6,2.7
2024-08-14,18:00,341,1.6,2.1
2024-08-14,18:10,343,1.3,1.8
2024-08-14,18:20,334,1.3,1.8
2024-08-14,18:30,321,1.1,1.8
2024-08-14,18:40,321,1,1.8
2024-08-14,18:50,324,0.7,1.5
2024-08-14,19:00,324,0.6,1.2
2024-08-14,19:10,324,0.8,1.2
2024-08-14,19:20,321,0.8,1.8
2024-08-14,19:30,320,0.6,1.5
2024-08-14,19:40,320,0.2,0.9
2024-08-14,19:50,320,0.5,1.2
2024-08-14,20:00,320,1,1.5
2024-08-14,20:10,320,1,1.5
2024-08-14,20:20,320,0.2,0.9
2024-08-14,20:30,320,0,0
2024-08-14,20:40,320,0,0
2024-08-14,20:50,320,0,0
2024-08-14,21:00,320,0,0
2024-08-14,21:10,320,0,0.6
2024-08-14,21:20,320,0.4,0.9
2024-08-14,21:30,320,0.2,0.9
2024-08-14,21:40,320,0,0
2024-08-14,21:50,320,0,0
2024-08-14,22:00,320,0,0
2024-08-14,22:10,320,0,0
2024-08-14,22:20,333,0.7,1.8
2024-08-14,22:30,93,1,1.8
2024-08-14,22:40,98,0.9,2.1
2024-08-14,22:50,136,1.3,2.1
2024-08-14,23:00,144,0.9,1.8
2024-08-14,23:10,145,1,1.8
2024-08-14,23:20,146,0.8,1.8
2024-08-14,23:30,156,1,2.4
2024-08-14,23:40,157,1.1,2.1
2024-08-14,23:50,154,1.1,2.1
2024-08-15,00:00,154,0.8,1.5
2024-08-15,00:10,154,0.9,1.8
2024-08-15,00:20,153,1.3,2.7
2024-08-15,00:30,127,2.4,3.6
2024-08-15,00:40,129,2.2,3.3
2024-08-15,00:50,150,1.9,3
2024-08-15,01:00,159,1.9,2.7
2024-08-15,01:10,144,1.3,2.4
2024-08-15,01:20,160,1.8,3
2024-08-15,01:30,158,2.1,3.6
2024-08-15,01:40,155,2.3,3.9
2024-08-15,01:50,155,2.1,3.9
2024-08-15,02:00,154,2.2,3.3
2024-08-15,02:10,160,3.3,4.8
2024-08-15,02:20,154,2.8,4.8
2024-08-15,02:30,149,2.5,4.8
2024-08-15,02:40,152,2.2,4.2
2024-08-15,02:50,165,3.1,5.4
2024-08-15,03:00,163,4.6,6.6
2024-08-15,03:10,150,4.3,7.2
2024-08-15,03:20,136,2.8,5.1
2024-08-15,03:30,144,3,6
2024-08-15,03:40,149,3.3,5.4
2024-08-15,03:50,148,3.6,5.4
2024-08-15,04:00,157,3.2,4.8
2024-08-15,04:10,154,3.4,5.4
2024-08-15,04:20,144,4.3,7.5
2024-08-15,04:30,139,4.3,8.4
2024-08-15,04:40,148,4,6.6
2024-08-15,04:50,154,4.5,6.9
2024-08-15,05:00,151,3.7,5.7
2024-08-15,05:10,146,4.3,7.2
2024-08-15,05:20,149,3.8,6
2024-08-15,05:30,165,4.8,7.8
2024-08-15,05:40,162,4.3,7.2
2024-08-15,05:50,157,4.2,6.3
2024-08-15,06:00,145,4.4,6.9
2024-08-15,06:10,141,4.9,9.3
2024-08-15,06:20,148,4.9,8.4
2024-08-15,06:30,147,3.9,7.5
2024-08-15,06:40,151,4.8,8.1
2024-08-15,06:50,158,4,6.6
2024-08-15,07:00,152,4.5,6.9
2024-08-15,07:10,158,5.3,8.7
2024-08-15,07:20,152,5.2,9.6
2024-08-15,07:30,148,4.4,7.5
2024-08-15,07:40,145,4.7,8.1
2024-08-15,07:50,141,4.8,9
2024-08-15,08:00,145,4.3,7.8
2024-08-15,08:10,153,4.1,7.2
2024-08-15,08:20,134,4.6,6.9
2024-08-15,08:30,139,5.6,9
2024-08-15,08:40,142,5.6,10.4
2024-08-15,08:50,138,4.9,7.8
2024-08-15,09:00,138,5.7,9.9
2024-08-15,09:10,140,5.3,9.3
2024-08-15,09:20,144,5.2,9
2024-08-15,09:30,143,4.4,7.8
2024-08-15,09:40,144,4.4,6.9
2024-08-15,09:50,141,4,6.9
2024-08-15,10:00,150,4.5,7.5
2024-08-15,10:10,144,4.2,6.9
2024-08-15,10:20,146,4,7.2
2024-08-15,10:30,142,4.3,7.2
2024-08-15,10:40,145,4.7,8.4
2024-08-15,10:50,146,5,8.1
2024-08-15,11:00,139,5.1,8.4
2024-08-15,11:10,144,4.7,7.8
2024-08-15,11:20,144,4.5,7.5
2024-08-15,11:30,144,3.9,6.9
2024-08-15,11:40,145,4.6,7.2
2024-08-15,11:50,142,5,9.9
2024-08-15,12:00,141,4.9,8.1
2024-08-15,12:10,140,4.3,7.5
2024-08-15,12:20,140,5.2,9.6
2024-08-15,12:30,149,5.8,13.4
2024-08-15,12:40,164,4.6,8.7
2024-08-15,12:50,165,6.3,9.9
2024-08-15,13:00,163,5.7,9.9
2024-08-15,13:10,160,4.9,8.7
2024-08-15,13:20,144,4.6,8.4
2024-08-15,13:30,154,6.6,10.2
2024-08-15,13:40,145,4.9,8.7
2024-08-15,13:50,145,4.2,7.2
2024-08-15,14:00,140,4.6,8.4
2024-08-15,14:10,141,3.9,6.9
2024-08-15,14:20,142,3.1,4.8
2024-08-15,14:30,146,3.6,6.9
2024-08-15,14:40,139,3.3,6
2024-08-15,14:50,142,4.5,7.5
2024-08-15,15:00,144,4.9,9.3
2024-08-15,15:10,145,4.4,7.5
2024-08-15,15:20,147,4.9,8.1
2024-08-15,15:30,144,5.1,9.9
2024-08-15,15:40,150,4,7.8
2024-08-15,15:50,145,5,9
2024-08-15,16:00,143,4.9,9.3
2024-08-15,16:10,144,5.4,8.7
2024-08-15,16:20,145,4.3,7.5
2024-08-15,16:30,143,5.9,11
2024-08-15,16:40,144,6,10.7
2024-08-15,16:50,147,5.3,9.6
2024-08-15,17:00,139,5.5,10.2
2024-08-15,17:10,146,5,10.4
2024-08-15,17:20,147,4.2,9.6
2024-08-15,17:30,143,5.2,10.2
2024-08-15,17:40,146,5.4,9
2024-08-15,17:50,146,5.8,10.4
2024-08-15,18:00,153,4.8,9.3
2024-08-15,18:10,147,4.1,7.8
2024-08-15,18:20,153,5.2,9.9
2024-08-15,18:30,147,3.7,7.8
2024-08-15,18:40,147,4.1,7.8
2024-08-15,18:50,153,5.2,8.4
2024-08-15,19:00,173,4.3,8.1
2024-08-15,19:10,272,5.7,11
2024-08-15,19:20,293,6.8,14.3
2024-08-15,19:30,309,5.6,11.9
2024-08-15,19:40,318,4.5,8.7
2024-08-15,19:50,330,3.6,5.7
2024-08-15,20:00,326,2.8,4.8
2024-08-15,20:10,334,3.7,6.3
2024-08-15,20:20,328,3.4,6
2024-08-15,20:30,307,3.1,5.4
2024-08-15,20:40,317,2.8,4.8
2024-08-15,20:50,307,1.6,3.3
2024-08-15,21:00,309,1.9,3.3
2024-08-15,21:10,317,2.6,5.7
2024-08-15,21:20,321,2.8,6
2024-08-15,21:30,333,2,3.9
2024-08-15,21:40,352,1.6,2.7
2024-08-15,21:50,344,1.6,2.7
2024-08-15,22:00,326,0.8,1.8
2024-08-15,22:10,326,1.1,1.8
2024-08-15,22:20,111,1.3,2.1
2024-08-15,22:30,133,1.3,1.8
2024-08-15,22:40,141,1.4,2.1
2024-08-15,22:50,143,1.3,2.4
2024-08-15,23:00,136,1.9,2.7
2024-08-15,23:10,128,1.5,2.7
2024-08-15,23:20,127,2.3,3.9
2024-08-15,23:30,135,2.8,3.9
2024-08-15,23:40,138,2.3,3.9
2024-08-15,23:50,145,2.2,3.6
2024-08-16,00:00,142,2.8,4.8
2024-08-16,00:10,147,2.1,3.3
2024-08-16,00:20,159,3.1,4.5
2024-08-16,00:30,144,2.7,5.1
2024-08-16,00:40,146,2.8,4.5
2024-08-16,00:50,142,2.2,3.9
2024-08-16,01:00,132,1.6,3
2024-08-16,01:10,147,1.6,3
2024-08-16,01:20,145,1.4,2.7
2024-08-16,01:30,142,1.3,3
2024-08-16,01:40,153,2.2,3.3
2024-08-16,01:50,151,2.2,3.6
2024-08-16,02:00,152,2,3
2024-08-16,02:10,151,1.6,2.4
2024-08-16,02:20,155,2,3
2024-08-16,02:30,150,2.5,3.6
2024-08-16,02:40,159,2.1,3.3
2024-08-16,02:50,159,2.2,3.3
2024-08-16,03:00,152,2.3,3.3
2024-08-16,03:10,151,2.1,3.3
2024-08-16,03:20,140,2,3
2024-08-16,03:30,151,2,3
2024-08-16,03:40,161,1.9,3.3
2024-08-16,03:50,150,1.9,3.3
2024-08-16,04:00,154,2,3.3
2024-08-16,04:10,161,2,3.3
2024-08-16,04:20,179,1.7,3.3
2024-08-16,04:30,174,1.3,2.7
2024-08-16,04:40,132,1.4,2.4
2024-08-16,04:50,108,1.5,2.1
2024-08-16,05:00,141,1.9,3
2024-08-16,05:10,150,1.7,2.7
2024-08-16,05:20,153,2.1,3
2024-08-16,05:30,153,2.1,3
2024-08-16,05:40,153,2.3,3.3
2024-08-16,05:50,149,2.3,3.6
2024-08-16,06:00,151,2.2,3.6
2024-08-16,06:10,139,2.1,3.3
2024-08-16,06:20,148,1.9,3.6
2024-08-16,06:30,141,2,2.7
2024-08-16,06:40,144,2.7,4.5
2024-08-16,06:50,130,2.4,3.6
2024-08-16,07:00,127,1.9,3
2024-08-16,07:10,136,2.5,3.6
2024-08-16,07:20,132,2.5,3.9
2024-08-16,07:30,120,2.5,3.9
2024-08-16,07:40,119,1.9,3
2024-08-16,07:50,124,2.3,4.8
2024-08-16,08:00,147,4,6.6
2024-08-16,08:10,150,1.3,2.7
2024-08-16,08:20,119,2.5,4.5
2024-08-16,08:30,119,3.1,6
2024-08-16,08:40,118,3.1,5.7
2024-08-16,08:50,140,3.5,8.4
2024-08-16,09:00,152,4.8,8.4
2024-08-16,09:10,152,5.2,8.4
2024-08-16,09:20,157,4.6,9
2024-08-16,09:30,150,4.7,7.5
2024-08-16,09:40,152,4.1,6.6
2024-08-16,09:50,162,3.3,6.3
2024-08-16,10:00,152,3.7,6.6
2024-08-16,10:10,153,3.7,6.6
2024-08-16,10:20,157,4.5,7.5
2024-08-16,10:30,157,4.4,7.5
2024-08-16,10:40,155,5,7.5
2024-08-16,10:50,158,4.9,8.1
2024-08-16,11:00,160,4.1,8.7
2024-08-16,11:10,159,6.1,9.6
2024-08-16,11:20,155,5.4,9.6
2024-08-16,11:30,154,5.7,9.6
2024-08-16,11:40,160,6.7,10.2
2024-08-16,11:50,164,7.2,10.7
2024-08-16,12:00,159,5.5,9.6
2024-08-16,12:10,142,4.3,6.6
2024-08-16,12:20,145,5.2,10.4
2024-08-16,12:30,152,6,11
2024-08-16,12:40,159,5.9,9
2024-08-16,12:50,160,6.3,10.7
2024-08-16,13:00,152,6.6,10.2
2024-08-16,13:10,161,5.4,9.6
2024-08-16,13:20,151,6.7,11.3
2024-08-16,13:30,160,6.5,9.6
2024-08-16,13:40,163,5.5,9.3
2024-08-16,13:50,154,5.9,9.6
2024-08-16,14:00,166,5,8.7
2024-08-16,14:10,163,4.9,10.4
2024-08-16,14:20,156,6.5,11.9
2024-08-16,14:30,163,5.9,9.6
2024-08-16,14:40,163,5,8.4
2024-08-16,14:50,162,5.4,9
2024-08-16,15:00,165,5.6,9
2024-08-16,15:10,165,5.5,9
2024-08-16,15:20,157,4.9,8.4
2024-08-16,15:30,156,5.8,9.3
2024-08-16,15:40,164,5.3,8.7
2024-08-16,15:50,161,5,9.3
2024-08-16,16:00,160,4.9,9.6
2024-08-16,16:10,163,5.1,8.7
2024-08-16,16:20,157,4.3,8.7
2024-08-16,16:30,161,4.6,9
2024-08-16,16:40,159,5.5,10.2
2024-08-16,16:50,148,4.6,10.4
2024-08-16,17:00,161,3.8,6.9
2024-08-16,17:10,152,5.1,9.3
2024-08-16,17:20,160,3.9,7.2
2024-08-16,17:30,159,3.3,5.4
2024-08-16,17:40,159,4.1,6.9
2024-08-16,17:50,158,3.5,6.3
2024-08-16,18:00,158,4,6.6
2024-08-16,18:10,157,5.2,7.5
2024-08-16,18:20,156,4.7,6.9
2024-08-16,18:30,139,3,6
2024-08-16,18:40,129,2.2,3.6
2024-08-16,18:50,148,3.1,6
2024-08-16,19:00,120,2.7,4.5
2024-08-16,19:10,118,2.8,5.4
2024-08-16,19:20,147,3.1,6.3
2024-08-16,19:30,154,3.4,5.7
2024-08-16,19:40,144,3.3,6.6
2024-08-16,19:50,155,3.2,6
2024-08-16,20:00,150,2.7,5.7
2024-08-16,20:10,165,3.1,5.4
2024-08-16,20:20,138,2.4,4.8
2024-08-16,20:30,147,2.9,5.4
2024-08-16,20:40,157,3.1,6.6
2024-08-16,20:50,151,2.9,5.4
2024-08-16,21:00,155,2.8,6
2024-08-16,21:10,157,4,7.2
2024-08-16,21:20,142,3.3,5.1
2024-08-16,21:30,151,2.2,4.2
2024-08-16,21:40,151,2.5,5.1
2024-08-16,21:50,159,2.2,3.9
2024-08-16,22:00,160,1.9,3.3
2024-08-16,22:10,207,2.5,4.5
2024-08-16,22:20,199,3,5.1
2024-08-16,22:30,161,3.1,5.1
2024-08-16,22:40,159,2.7,5.7
2024-08-16,22:50,163,2.6,4.5
2024-08-16,23:00,154,2.5,4.5
2024-08-16,23:10,156,2.3,4.5
2024-08-16,23:20,160,1.9,3.3
2024-08-16,23:30,157,2,4.5
2024-08-16,23:40,149,3.3,6
2024-08-17,00:00,149,2.8,4.5
2024-08-17,00:10,138,2.6,4.8
2024-08-17,00:20,137,3.3,5.1
2024-08-17,00:30,134,3.4,5.7
2024-08-17,00:40,142,3.1,5.4
2024-08-17,00:50,140,3.4,6.9
2024-08-17,01:00,135,2.9,5.1
2024-08-17,01:10,156,2,4.5
2024-08-17,01:20,165,3.6,5.7
2024-08-17,01:30,150,3.4,5.1
2024-08-17,01:40,159,4.2,6.3
2024-08-17,01:50,152,4.2,6.6
2024-08-17,02:00,139,4.5,7.8
2024-08-17,02:10,135,4,7.8
2024-08-17,02:20,147,5.1,9
2024-08-17,02:30,157,5.3,11.3
2024-08-17,02:40,147,5.5,9
2024-08-17,02:50,144,5.8,9.3
2024-08-17,03:00,137,4.5,7.8
2024-08-17,03:10,140,4.6,7.2
2024-08-17,03:20,126,4.7,8.1
2024-08-17,03:30,126,4.8,7.2
2024-08-17,03:40,132,3.9,6.9
2024-08-17,03:50,141,4,7.2
2024-08-17,04:00,148,6.6,11.6
2024-08-17,04:10,140,5.5,9.9
2024-08-17,04:20,129,4.6,7.8
2024-08-17,04:30,124,3.3,7.2
2024-08-17,04:40,307,1.3,2.4
2024-08-17,04:50,311,1.3,3.3
2024-08-17,05:00,139,1,2.7
2024-08-17,05:10,108,2.1,4.2
2024-08-17,05:20,120,2.5,5.1
2024-08-17,05:30,139,4.5,8.1
2024-08-17,05:40,142,2.9,5.1
2024-08-17,05:50,140,4.3,6.6
2024-08-17,06:00,139,4.7,8.4
2024-08-17,06:10,133,4.9,7.2
2024-08-17,06:20,133,5.2,9.3
2024-08-17,06:30,138,5.5,9.3
2024-08-17,06:40,138,5.4,7.8
2024-08-17,06:50,142,5.5,8.4
2024-08-17,07:00,144,5.8,9.3
2024-08-17,07:10,145,4.8,7.5
2024-08-17,07:20,142,4.4,7.2
2024-08-17,07:30,147,3.8,6.3
2024-08-17,07:40,144,4.2,6.3
2024-08-17,07:50,142,4.3,6.6
2024-08-17,08:00,142,3.4,6.3
2024-08-17,08:10,175,1.7,4.5
2024-08-17,08:20,142,1.3,4.5
2024-08-17,08:30,151,1.5,5.1
2024-08-17,08:40,112,1.6,2.7
2024-08-17,08:50,121,2,4.5
2024-08-17,09:00,154,2.7,5.1
2024-08-17,09:10,149,1.8,5.1
2024-08-17,09:20,148,2,6
2024-08-17,09:30,157,2.9,6.9
2024-08-17,09:40,125,2.2,4.2
2024-08-17,09:50,141,2.5,5.1
2024-08-17,10:00,138,3.5,6.3
2024-08-17,10:10,140,3.3,6
2024-08-17,10:20,157,1.3,3.9
2024-08-17,10:30,196,1.3,5.1
2024-08-17,10:40,140,1.5,4.5
2024-08-17,10:50,121,1.6,4.5
2024-08-17,11:00,140,2.7,5.4
2024-08-17,11:10,157,2.5,6
2024-08-17,11:20,167,2.4,6.3
2024-08-17,11:30,159,1.6,3.6
2024-08-17,11:40,160,2.8,7.8
2024-08-17,11:50,155,2.5,4.5
2024-08-17,12:00,212,1.5,4.8
2024-08-17,12:10,210,3.1,7.8
2024-08-17,12:20,245,1.5,3.9
2024-08-17,12:30,178,2,6.3
2024-08-17,12:40,166,2.2,5.4
2024-08-17,12:50,174,3.8,6.9
2024-08-17,13:00,159,2.5,6
2024-08-17,13:10,161,3.2,6.3
2024-08-17,13:20,159,2.5,5.7
2024-08-17,13:30,169,3.7,8.4
2024-08-17,13:40,152,3.5,6.6
2024-08-17,13:50,176,4.4,8.7
2024-08-17,14:00,149,2.3,7.8
2024-08-17,14:10,161,2.9,6
2024-08-17,14:20,158,4,7.2
2024-08-17,14:30,153,4.5,7.2
2024-08-17,14:40,160,3.7,6.6
2024-08-17,14:50,150,4.1,6.3
2024-08-17,15:00,145,3.2,6.3
2024-08-17,15:10,161,4.8,9
2024-08-17,15:20,152,4.3,6.6
2024-08-17,15:30,159,4.1,8.1
2024-08-17,15:40,157,3.3,7.2
2024-08-17,15:50,151,3.5,6
2024-08-17,16:00,142,3.1,6.3
2024-08-17,16:10,142,4,6
2024-08-17,16:20,141,3.1,5.7
2024-08-17,16:30,148,2.6,5.7
2024-08-17,16:40,146,3.1,5.4
2024-08-17,16:50,147,3.4,5.4
2024-08-17,17:00,163,3.1,7.8
2024-08-17,17:10,170,2.9,6.6
2024-08-17,17:20,152,3.3,6.6
2024-08-17,17:30,150,2.9,6.3
2024-08-17,17:40,164,4,7.2
2024-08-17,17:50,151,3.1,5.1
2024-08-17,18:00,142,3.1,5.1
2024-08-17,18:10,150,3.2,5.4
2024-08-17,18:20,151,3.7,6.3
2024-08-17,18:30,158,3.1,5.7
2024-08-17,18:40,153,3.7,6
2024-08-17,18:50,165,3.7,6.3
2024-08-17,19:00,165,2.9,6
2024-08-17,19:10,156,2.9,5.1
2024-08-17,19:20,148,1.8,3.9
2024-08-17,19:30,166,1.3,3.3
2024-08-17,19:40,163,1.9,3.6
2024-08-17,19:50,142,1.4,3
2024-08-17,20:00,126,1.4,2.7
2024-08-17,20:10,141,1.3,2.7
2024-08-17,20:20,150,1.6,3
2024-08-17,20:30,142,1.7,3
2024-08-17,20:40,145,1.5,2.7
2024-08-17,20:50,140,1.6,3
2024-08-17,21:00,127,2,3.6
2024-08-17,21:10,160,2.5,5.1
2024-08-17,21:20,146,2.6,4.8
2024-08-17,21:30,147,1.1,1.8
2024-08-17,21:40,176,1.3,3
2024-08-17,21:50,140,1.5,2.7
2024-08-17,22:00,147,2.1,3.9
2024-08-17,22:10,141,1.9,3.6
2024-08-17,22:20,154,3.4,6
2024-08-17,22:30,148,3,4.8
2024-08-17,22:40,148,3,6.3
2024-08-17,22:50,148,2.5,3.9
2024-08-17,23:00,140,3,5.1
2024-08-17,23:10,145,3.3,6.9
2024-08-17,23:20,143,3.4,5.4
2024-08-17,23:30,151,4,6.6
2024-08-17,23:40,157,4,7.5
2024-08-17,23:50,151,3.7,6
2024-08-18,00:00,138,4,6.3
2024-08-18,00:10,142,4.1,6.9
2024-08-18,00:20,144,4.5,7.8
2024-08-18,00:30,153,4.3,7.5
2024-08-18,00:40,147,3.7,6.6
2024-08-18,00:50,156,4.3,6.9
2024-08-18,01:00,152,3.8,6.3
2024-08-18,01:10,144,4,7.8
2024-08-18,01:20,148,2.9,6.9
2024-08-18,01:30,157,4.1,6.9
2024-08-18,01:40,159,2.5,5.1
2024-08-18,01:50,156,1.9,4.2
2024-08-18,02:00,136,1.7,4.2
2024-08-18,02:10,143,2.4,4.2
2024-08-18,02:20,134,3,6
2024-08-18,02:30,143,3.9,6.6
2024-08-18,02:40,152,3.7,7.2
2024-08-18,02:50,144,3.5,5.7
2024-08-18,03:00,141,3.1,5.4
2024-08-18,03:10,148,4.1,7.5
2024-08-18,03:20,129,5,7.8
2024-08-18,03:30,117,3.3,5.7
2024-08-18,03:40,118,3,5.7
2024-08-18,03:50,156,3,6.6
2024-08-18,04:00,148,3.3,6.6
2024-08-18,04:10,142,4.8,8.4
2024-08-18,04:20,144,3.1,5.7
2024-08-18,04:30,148,3.7,6.3
2024-08-18,04:40,139,4.2,7.5
2024-08-18,04:50,151,3.1,6.9
2024-08-18,05:00,158,4,8.1
2024-08-18,05:10,146,6,10.7
2024-08-18,05:20,130,6,9.9
2024-08-18,05:30,119,4.7,7.8
2024-08-18,05:40,135,4.9,8.1
2024-08-18,05:50,134,3.5,6.6
2024-08-18,06:00,115,3.7,6
2024-08-18,06:10,124,4.3,6.3
2024-08-18,06:20,134,4,5.4
2024-08-18,06:30,150,3.3,5.1
2024-08-18,06:40,160,2.8,4.2
2024-08-18,06:50,151,4.2,6.3
2024-08-18,07:00,150,4.6,6.9
2024-08-18,07:10,139,4.7,9
2024-08-18,07:20,122,4,6.3
2024-08-18,07:30,131,4.3,7.2
2024-08-18,07:40,139,4.1,7.5
2024-08-18,07:50,140,3.7,6.3
2024-08-18,08:00,138,3.5,6.6
2024-08-18,08:10,130,3.9,6.3
2024-08-18,08:20,128,3.5,5.4
2024-08-18,08:30,124,3.6,5.4
2024-08-18,08:40,127,2.9,5.1
2024-08-18,08:50,131,2,5.1
2024-08-18,09:00,129,3.1,4.8
2024-08-18,09:10,131,2,3.6
2024-08-18,09:20,144,3.1,5.1
2024-08-18,09:30,147,3.5,6.3
2024-08-18,09:40,153,3.6,8.1
2024-08-18,09:50,147,5.8,9.6
2024-08-18,10:00,147,4.7,8.1
2024-08-18,10:10,143,3.7,6.6
2024-08-18,10:20,137,3.7,5.7
2024-08-18,10:30,149,4.2,6.6
2024-08-18,10:40,147,2.6,4.8
2024-08-18,10:50,144,2.7,5.4
2024-08-18,11:00,147,2.3,4.8
2024-08-18,11:10,166,2.5,5.4
2024-08-18,11:20,154,2.4,4.8
2024-08-18,11:30,157,2.2,4.8
2024-08-18,11:40,155,3,5.4
2024-08-18,11:50,221,3.3,6.3
2024-08-18,12:00,271,1.6,3.9
2024-08-18,12:10,162,1.4,3.9
2024-08-18,12:20,115,1.8,3
2024-08-18,12:30,131,2.1,3.9
2024-08-18,12:40,173,1.6,5.7
2024-08-18,12:50,174,1.9,5.1
2024-08-18,13:00,177,3.3,6.9
2024-08-18,13:10,227,2.2,5.4
2024-08-18,13:20,256,4.6,8.7
2024-08-18,13:30,265,3.5,7.2
2024-08-18,13:40,263,3.9,7.5
2024-08-18,13:50,256,4.3,8.4
2024-08-18,14:00,242,3.1,8.7
2024-08-18,14:10,258,3.6,7.5
2024-08-18,14:20,237,2,4.5
2024-08-18,14:30,177,1.8,6
2024-08-18,14:40,150,1.3,3.6
2024-08-18,14:50,240,2.7,6.6
2024-08-18,15:00,221,2.2,6
2024-08-18,15:10,262,3.7,8.1
2024-08-18,15:20,216,1.6,5.4
2024-08-18,15:30,254,2.3,6
2024-08-18,15:40,260,2.5,6.3
2024-08-18,15:50,260,3.6,6
2024-08-18,16:00,251,3.4,6.9
2024-08-18,16:10,231,1.3,3.6
2024-08-18,16:20,212,2.2,4.8
2024-08-18,16:30,254,1.9,4.5
2024-08-18,16:40,236,2.8,6
2024-08-18,16:50,254,2.6,4.5
2024-08-18,17:00,244,2.7,5.1
2024-08-18,17:10,257,2.8,5.7
2024-08-18,17:20,257,3,6
2024-08-18,17:30,233,2.4,6
2024-08-18,17:40,203,3.1,5.7
2024-08-18,17:50,177,2.3,4.2
2024-08-18,18:00,174,2,4.2
2024-08-18,18:10,151,2.6,4.8
2024-08-18,18:20,145,2.6,4.2
2024-08-18,18:30,138,2.2,3.6
2024-08-18,18:40,153,1.7,3.3
2024-08-18,18:50,153,1.5,2.4
2024-08-18,19:00,147,2,3.6
2024-08-18,19:10,147,1.9,3
2024-08-18,19:20,176,1.9,3.6
2024-08-18,19:30,154,2.2,4.2
2024-08-18,19:40,172,1.7,3.3
2024-08-18,19:50,156,1.8,2.7
2024-08-18,20:00,155,2.1,3
2024-08-18,20:10,159,1.2,2.4
2024-08-18,20:20,170,0.8,1.5
2024-08-18,20:30,137,1.3,2.4
2024-08-18,20:40,127,1.9,3.3
2024-08-18,20:50,142,1.6,3
2024-08-18,21:00,147,1.4,2.4
2024-08-18,21:10,150,1.6,2.7
2024-08-18,21:20,138,2.2,4.2
2024-08-18,21:30,149,1.9,4.5
2024-08-18,21:40,137,2.6,3.6
2024-08-18,21:50,143,2.6,4.5
2024-08-18,22:00,145,1.6,3
2024-08-18,22:10,138,2,3.3
2024-08-18,22:20,161,2,5.7
2024-08-18,22:30,223,3.8,10.7
2024-08-18,22:40,226,2.1,5.4
2024-08-18,22:50,172,1.3,3.3
2024-08-18,23:00,74,1,2.7
2024-08-18,23:10,212,0.9,2.7
2024-08-18,23:20,340,1.3,2.4
2024-08-18,23:30,91,1.4,2.4
2024-08-18,23:40,166,1,4.2
2024-08-18,23:50,207,1.7,4.2
2024-08-19,00:00,132,1,2.4
2024-08-19,00:10,109,1.3,2.4
2024-08-19,00:20,129,1.4,2.7
2024-08-19,00:30,120,0.7,1.8
2024-08-19,00:40,95,1,2.4
2024-08-19,00:50,118,1.3,3.9
2024-08-19,01:00,51,0.9,1.8
2024-08-19,01:10,70,1.1,2.7
2024-08-19,01:20,152,2.3,3.9
2024-08-19,01:30,146,1.9,3.3
2024-08-19,01:40,147,1.3,3
2024-08-19,01:50,135,1.6,3
2024-08-19,02:00,163,2.6,3.6
2024-08-19,02:10,161,2.7,3.9
2024-08-19,02:20,159,3,4.2
2024-08-19,02:30,154,2.3,3.6
2024-08-19,02:40,160,2.5,3.3
2024-08-19,02:50,157,1.9,3
2024-08-19,03:00,159,3.1,4.5
2024-08-19,03:10,160,2.5,3.6
2024-08-19,03:20,156,2.2,3.6
2024-08-19,03:30,189,1.4,3.6
2024-08-19,03:40,235,1,2.7
2024-08-19,03:50,204,1,1.8
2024-08-19,04:00,156,1.7,2.7
2024-08-19,04:10,147,1.7,2.7
2024-08-19,04:20,159,1.8,2.7
2024-08-19,04:30,157,1.9,2.7
2024-08-19,04:40,153,1.8,3
2024-08-19,04:50,145,1.9,3.3
2024-08-19,05:00,145,2,3.6
2024-08-19,05:10,144,1.9,3
2024-08-19,05:20,148,2,3.3
2024-08-19,05:30,151,1.5,2.7
2024-08-19,05:40,153,2.4,3.9
2024-08-19,05:50,148,2.2,3.6
2024-08-19,06:00,151,1.6,2.7
2024-08-19,06:10,137,1.8,3.3
2024-08-19,06:20,156,1.9,3.3
2024-08-19,06:30,156,1.1,2.1
2024-08-19,06:40,138,1.8,3
2024-08-19,06:50,140,1.8,3
2024-08-19,07:00,143,1.7,2.7
2024-08-19,07:10,137,1.8,2.7
2024-08-19,07:20,131,1.9,3.3
2024-08-19,07:30,133,1.6,3
2024-08-19,07:40,126,1.6,3.6
2024-08-19,08:00,9999.99,9999.99,9999.99
2024-08-19,08:09,268,9999.99,9999.99
2024-08-19,08:19,9999.99,9999.99,9999.99
2024-08-19,08:29,72,9999.99,56.7
2024-08-19,08:39,20,9999.99,14.9
2024-08-19,08:49,39,14.9,4.6
2024-08-19,09:00,149,3.5,6
2024-08-19,09:10,155,3.7,6.6
2024-08-19,09:20,166,4.3,6.9
2024-08-19,09:30,160,4.7,9
2024-08-19,09:40,153,5.9,9
2024-08-19,09:50,152,5.7,9.3
2024-08-19,10:00,164,5.1,8.1
2024-08-19,10:10,160,4.8,8.7
2024-08-19,10:20,159,4.2,10.7
2024-08-19,10:30,154,4.3,9.9
2024-08-19,10:40,159,6.6,10.2
2024-08-19,10:50,158,7.5,12.8
2024-08-19,11:00,161,6.3,9.6
2024-08-19,11:10,154,7.5,11.3
2024-08-19,11:20,158,6.1,10.2
2024-08-19,11:30,156,5.3,8.7
2024-08-19,11:40,156,6,9.6
2024-08-19,11:50,159,6.4,9.9
2024-08-19,12:00,161,8.1,12.2
2024-08-19,12:10,164,7.2,11.3
2024-08-19,12:20,157,4.6,8.1
2024-08-19,12:30,163,5.1,10.4
2024-08-19,12:40,161,5.3,9.6
2024-08-19,12:50,154,3.7,6.9
2024-08-19,13:00,163,4.8,7.2
2024-08-19,13:10,160,4.6,7.8
2024-08-19,13:20,160,6.9,10.7
2024-08-19,13:30,159,7.7,11
2024-08-19,13:40,165,7,11.3
2024-08-19,13:50,154,5.1,8.7
2024-08-19,14:00,158,6.5,10.4
2024-08-19,14:10,159,6.6,10.4
2024-08-19,14:20,160,7.2,11
2024-08-19,14:30,163,8,11
2024-08-19,14:40,163,5.9,9
2024-08-19,14:50,164,6.3,9.3
2024-08-19,15:00,171,4.3,7.2
2024-08-19,15:10,148,4.1,6.3
2024-08-19,15:20,142,4.3,7.2
2024-08-19,15:30,142,4.9,7.8
2024-08-19,15:40,144,4.7,9.6
2024-08-19,15:50,142,5.4,7.8
2024-08-19,16:00,150,5.4,8.7
2024-08-19,16:10,153,5.8,9.3
2024-08-19,16:20,149,5.4,9.3
2024-08-19,16:30,154,5.2,8.1
2024-08-19,16:40,155,6.5,10.4
2024-08-19,16:50,163,5.3,8.7
2024-08-19,17:00,154,4.6,7.8
2024-08-19,17:10,145,4.2,6.6
2024-08-19,17:20,145,4.2,6.6
2024-08-19,17:30,159,3.7,6.3
2024-08-19,17:40,161,3.3,5.7
2024-08-19,17:50,147,3.1,6
2024-08-19,18:00,156,3.6,7.2
2024-08-19,18:10,154,4.9,8.4
2024-08-19,18:20,158,5.8,9.3
2024-08-19,18:30,159,5.1,9.3
2024-08-19,18:40,160,5.5,10.4
2024-08-19,18:50,152,5.2,8.1
2024-08-19,19:00,148,5.1,8.7
2024-08-19,19:10,146,5.2,9.3
2024-08-19,19:20,134,4.8,7.8
2024-08-19,19:30,141,5,8.4
2024-08-19,19:40,137,4.9,8.7
2024-08-19,19:50,139,4.9,8.7
2024-08-19,20:00,143,5.7,10.2
2024-08-19,20:10,143,5.7,10.2
2024-08-19,20:20,150,5.5,9
2024-08-19,20:30,141,5.2,9
2024-08-19,20:40,145,5.4,9
2024-08-19,20:50,139,4.5,6.9
2024-08-19,21:00,142,3.8,6.9
2024-08-19,21:10,138,4.2,8.1
2024-08-19,21:20,141,4.4,8.1
2024-08-19,21:30,141,4.8,7.8
2024-08-19,21:40,150,4.7,8.4
2024-08-19,21:50,140,4.7,9
2024-08-19,22:00,139,5,8.4
2024-08-19,22:10,149,4,6.6
2024-08-19,22:20,140,4.9,8.7
2024-08-19,22:30,140,5.2,9
2024-08-19,22:40,139,5.3,10.2
2024-08-19,22:50,146,6.4,12.5
2024-08-19,23:00,138,6,10.7
2024-08-19,23:10,138,7.9,12.8
2024-08-19,23:20,144,6.6,12.2
2024-08-19,23:30,142,5.7,10.2
2024-08-19,23:40,144,6.9,11.6
2024-08-19,23:50,140,7.3,13.4
2024-08-20,00:00,140,6.9,12.8
2024-08-20,00:10,141,7.2,14.3
2024-08-20,00:20,139,7,14.6
2024-08-20,00:30,139,7,13.4
2024-08-20,00:40,139,7.7,13.7
2024-08-20,00:50,139,7.2,13.1
2024-08-20,01:00,145,6.6,10.4
2024-08-20,01:10,143,7.5,12.5
2024-08-20,01:20,141,7.3,11.3
2024-08-20,01:30,139,7.4,12.5
2024-08-20,01:40,141,7.2,13.7
2024-08-20,01:50,138,10.2,17.9
2024-08-20,02:00,136,9.6,17.3
2024-08-20,02:10,135,9.8,16.1
2024-08-20,02:20,134,8.9,15.5
2024-08-20,02:30,140,8.4,15.5
2024-08-20,02:40,144,9.7,18.2
2024-08-20,02:50,146,7.6,11.9
2024-08-20,03:00,145,6.6,13.7
2024-08-20,03:10,141,6.4,10.7
2024-08-20,03:20,139,7.1,12.2
2024-08-20,03:30,139,7.6,11.9
2024-08-20,03:40,139,6.3,11
2024-08-20,03:50,143,7.4,12.5
2024-08-20,04:00,141,6.3,12.2
2024-08-20,04:10,143,7.2,12.8
2024-08-20,04:20,141,7.2,11.9
2024-08-20,04:30,140,5.8,10.7
2024-08-20,04:40,151,6.5,10.7
2024-08-20,04:50,146,6.4,10.7
2024-08-20,05:00,144,7.7,14
2024-08-20,05:10,143,6.9,14.9
2024-08-20,05:20,144,9,15.5
2024-08-20,05:30,144,7.5,15.8
2024-08-20,05:40,141,6.9,14.3
2024-08-20,05:50,138,7.1,13.7
2024-08-20,06:00,137,7.8,13.4
2024-08-20,06:10,136,6.3,13.1
2024-08-20,06:20,138,8,14.6
2024-08-20,06:30,139,6.8,12.2
2024-08-20,06:40,140,6.6,12.8
2024-08-20,06:50,139,5.8,9.9
2024-08-20,07:00,150,6.9,14.3
2024-08-20,07:10,147,6.5,10.7
2024-08-20,07:20,151,7.9,13.4
2024-08-20,07:30,146,6.9,13.7
2024-08-20,07:40,149,6.3,12.8
2024-08-20,07:50,144,6.4,13.4
2024-08-20,08:00,144,6.2,11.6
2024-08-20,08:10,142,6,12.5
2024-08-20,08:20,156,8,14
2024-08-20,08:30,150,5.7,10.4
2024-08-20,08:40,160,5.5,8.7
2024-08-20,08:50,158,6.2,10.4
2024-08-20,09:00,154,5.4,11.3
2024-08-20,09:10,144,5.7,11
2024-08-20,09:20,146,5.5,10.7
2024-08-20,09:30,146,6.6,11.6
2024-08-20,09:40,153,6.7,12.2
2024-08-20,09:50,150,7.2,12.8
2024-08-20,10:00,150,6.3,13.7
2024-08-20,10:10,148,6.6,12.8
2024-08-20,10:20,146,6,12.8
2024-08-20,10:30,152,5.7,11
2024-08-20,10:40,155,7.2,12.2
2024-08-20,10:50,148,4.9,9.9
2024-08-20,11:00,152,4.4,8.7
2024-08-20,11:10,159,6.3,11.3
2024-08-20,11:20,163,6,10.2
2024-08-20,11:30,152,5.7,10.7
2024-08-20,11:40,150,4.9,9
2024-08-20,11:50,145,4.1,7.5
2024-08-20,12:00,140,4.3,7.5
2024-08-20,12:10,144,4.1,8.4
2024-08-20,12:20,157,4.5,9
2024-08-20,12:30,157,5.1,8.7
2024-08-20,12:40,161,4.7,8.4
2024-08-20,12:50,150,4.1,7.8
2024-08-20,13:00,147,4.9,8.4
2024-08-20,13:10,144,4.2,7.5
2024-08-20,13:20,157,5.2,8.4
2024-08-20,13:30,162,3.9,7.2
2024-08-20,13:40,160,5.3,8.7
2024-08-20,13:50,167,5,8.1
2024-08-20,14:00,138,3.5,6
2024-08-20,14:10,137,3.6,7.2
2024-08-20,14:20,140,3.4,7.5
2024-08-20,14:30,148,3.5,6.6
2024-08-20,14:40,133,2.8,4.8
2024-08-20,14:50,129,3.1,5.1
2024-08-20,15:00,132,2.8,5.1
2024-08-20,15:10,134,2.7,4.8
2024-08-20,15:20,143,2.1,3.3
2024-08-20,15:30,147,2.2,3.6
2024-08-20,15:40,165,2.5,4.5
2024-08-20,15:50,151,3.9,7.5
2024-08-20,16:00,132,4.6,8.7
2024-08-20,16:10,137,3.7,6.6
2024-08-20,16:20,142,4,7.8
2024-08-20,16:30,139,3.9,6.9
2024-08-20,16:40,143,3.1,5.4
2024-08-20,16:50,135,3.1,7.2
2024-08-20,17:00,142,3.4,6.3
2024-08-20,17:10,146,3.7,6.9
2024-08-20,17:20,145,4.4,7.5
2024-08-20,17:30,144,4,7.8
2024-08-20,17:40,154,3.9,7.2
2024-08-20,17:50,147,3.8,7.2
2024-08-20,18:00,148,2.7,5.4
2024-08-20,18:10,145,2.2,3.6
2024-08-20,18:20,141,3,5.4
2024-08-20,18:30,138,2.8,5.4
2024-08-20,18:40,142,2.8,4.8
2024-08-20,18:50,141,3.3,6
2024-08-20,19:00,144,4.3,6.6
2024-08-20,19:10,142,3.3,6.3
2024-08-20,19:20,145,3.1,6
2024-08-20,19:30,144,2.7,7.5
2024-08-20,19:40,153,3.1,7.5
2024-08-20,19:50,149,5.2,11
2024-08-20,20:00,12,1.5,3
2024-08-20,20:10,171,1.9,4.8
2024-08-20,20:20,156,1.5,3.6
2024-08-20,20:30,147,2,4.2
2024-08-20,20:40,139,3.1,5.1
2024-08-20,20:50,126,2.9,4.5
2024-08-20,21:00,133,3.1,4.8
2024-08-20,21:10,130,3,5.4
2024-08-20,21:20,131,2.7,4.8
2024-08-20,21:30,133,2.7,6
2024-08-20,21:40,133,2.8,5.7
2024-08-20,21:50,123,2.2,3.6
2024-08-20,22:00,99,1.9,4.5
2024-08-20,22:10,134,1.9,4.5
2024-08-20,22:20,145,3.7,7.2
2024-08-20,22:30,145,2.9,5.4
2024-08-20,22:40,142,1.6,3
2024-08-20,22:50,154,1.8,3.6
2024-08-20,23:00,173,1.9,3.6
2024-08-20,23:10,169,3.1,5.4
2024-08-20,23:20,167,3.7,6.3
2024-08-20,23:30,166,4.4,6
2024-08-20,23:40,164,4.5,6.6
2024-08-20,23:50,163,5.1,7.5
2024-08-21,00:00,169,4.6,7.2
2024-08-21,00:10,166,3.8,5.7
2024-08-21,00:20,142,2.4,3.9
2024-08-21,00:30,128,1.8,2.7
2024-08-21,00:40,127,2,2.7
2024-08-21,00:50,144,2.5,3.3
2024-08-21,01:00,144,2.3,3
2024-08-21,01:10,141,2.2,3.3
2024-08-21,01:20,149,2.2,3
2024-08-21,01:30,165,2.2,3.6
2024-08-21,01:40,173,2,3.3
2024-08-21,01:50,152,2.2,3.3
2024-08-21,02:00,146,1.7,3
2024-08-21,02:10,143,1.3,2.1
2024-08-21,02:20,146,1.3,2.1
2024-08-21,02:30,148,1,1.8
2024-08-21,02:40,154,1.9,3
2024-08-21,02:50,156,1.9,2.7
2024-08-21,03:00,156,1.9,2.7
2024-08-21,03:10,148,2.2,3.6
2024-08-21,03:20,151,1.9,3.3
2024-08-21,03:30,162,1.6,2.4
2024-08-21,03:40,165,1.4,2.7
2024-08-21,03:50,173,2.2,3.6
2024-08-21,04:00,170,2.8,4.2
2024-08-21,04:10,153,3.3,4.5
2024-08-21,04:20,161,3.3,4.5
2024-08-21,04:30,158,2.5,3.9
2024-08-21,04:40,148,2.5,3.6
2024-08-21,04:50,165,2.2,3.3
2024-08-21,05:00,155,2.9,3.9
2024-08-21,05:10,159,3.1,4.5
2024-08-21,05:20,166,3.1,4.5
2024-08-21,05:30,163,3.9,5.4
2024-08-21,05:40,158,3.4,5.4
2024-08-21,05:50,167,2.8,4.5
2024-08-21,06:00,165,2.8,4.8
2024-08-21,06:10,162,3.4,5.1
2024-08-21,06:20,151,2.9,4.5
2024-08-21,06:30,153,2.8,4.8
2024-08-21,06:40,152,1.7,3
2024-08-21,06:50,166,1.9,2.7
2024-08-21,07:00,156,2,3
2024-08-21,07:10,153,1.9,2.7
2024-08-21,07:20,164,2.2,3.3
2024-08-21,07:30,154,2,2.7
2024-08-21,07:40,157,2.6,3.6
2024-08-21,07:50,156,2.5,3.6
2024-08-21,08:00,150,3.3,5.1
2024-08-21,08:10,149,3.4,6
2024-08-21,08:20,152,2.5,4.5
2024-08-21,08:30,141,2,3
2024-08-21,08:40,124,2.5,3.9
2024-08-21,08:50,136,2.5,4.2
2024-08-21,09:00,138,4.3,6.3
2024-08-21,09:10,141,3.7,6.6
2024-08-21,09:20,140,3.2,5.7
2024-08-21,09:30,156,3.1,5.1
2024-08-21,09:40,170,2.8,5.7
2024-08-21,09:50,160,2.9,5.4
2024-08-21,10:00,158,3.8,6.9
2024-08-21,10:10,161,3.9,7.2
2024-08-21,10:20,163,5.8,8.1
2024-08-21,10:30,162,5.2,7.5
2024-08-21,10:40,179,4,8.4
2024-08-21,10:50,170,3,6.9
2024-08-21,11:00,157,4.9,7.8
2024-08-21,11:10,161,5.2,7.5
2024-08-21,11:20,164,4.8,6.3
2024-08-21,11:30,163,5.4,6.9
2024-08-21,11:40,160,4.5,6.3
2024-08-21,11:50,152,4,5.4
2024-08-21,12:00,144,3.7,5.7
2024-08-21,12:10,153,3.5,6.3
2024-08-21,12:20,166,3.2,5.7
2024-08-21,12:30,153,2.8,4.8
2024-08-21,12:40,148,3.9,6.3
2024-08-21,12:50,158,4.7,8.1
2024-08-21,13:00,164,4.3,6.9
2024-08-21,13:10,163,5.7,8.1
2024-08-21,13:20,157,5.5,7.8
2024-08-21,13:30,161,5.5,8.1
2024-08-21,13:40,153,4.5,7.8
2024-08-21,13:50,155,4,6.9
2024-08-21,14:00,163,4.3,6
2024-08-21,14:10,155,5.3,8.4
2024-08-21,14:20,163,4.9,8.4
2024-08-21,14:30,167,4.9,8.1
2024-08-21,14:40,201,3.7,7.2
2024-08-21,14:50,176,4,6.9
2024-08-21,15:00,161,4.8,7.8
2024-08-21,15:10,166,4.5,7.2
2024-08-21,15:20,159,4.8,8.7
2024-08-21,15:30,162,5,9
2024-08-21,15:40,167,3.4,6.6
2024-08-21,15:50,179,4.2,7.5
2024-08-21,16:00,203,4.1,8.1
2024-08-21,16:10,191,3.1,6.9
2024-08-21,16:20,167,4.1,7.5
2024-08-21,16:30,166,5.5,8.4
2024-08-21,16:40,162,6,9
2024-08-21,16:50,160,5.2,8.7
2024-08-21,17:00,162,7.3,10.2
2024-08-21,17:10,165,6,9
2024-08-21,17:20,158,5.5,8.4
2024-08-21,17:30,165,6.9,10.7
2024-08-21,17:40,170,5.6,8.1
2024-08-21,17:50,159,5,7.2
2024-08-21,18:00,168,5.3,8.1
2024-08-21,18:10,172,4.4,7.8
2024-08-21,18:20,163,4.3,6.9
2024-08-21,18:30,162,4.5,8.7
2024-08-21,18:40,156,3.4,6.3
2024-08-21,18:50,150,2.6,4.8
2024-08-21,19:00,169,4,8.7
2024-08-21,19:10,164,5.3,10.4
2024-08-21,19:20,169,4,7.8
2024-08-21,19:30,162,4.2,7.8
2024-08-21,19:40,152,3.1,6
2024-08-21,19:50,141,3.6,6.6
2024-08-21,20:00,135,3.5,5.4
2024-08-21,20:10,140,3.1,5.4
2024-08-21,20:20,138,3.9,6.6
2024-08-21,20:30,140,5,9
2024-08-21,20:40,145,5.5,9
2024-08-21,20:50,148,5.1,9
2024-08-21,21:00,150,4.9,7.5
2024-08-21,21:10,142,4,7.5
2024-08-21,21:20,146,4.9,9.9
2024-08-21,21:30,147,5,8.7
2024-08-21,21:40,149,5.6,8.7
2024-08-21,21:50,144,5.7,10.2
2024-08-21,22:00,145,5.8,10.4
2024-08-21,22:10,147,5.7,8.7
2024-08-21,22:20,142,5.3,8.4
2024-08-21,22:30,144,5.3,11
2024-08-21,22:40,141,5.8,9.3
2024-08-21,22:50,139,6.3,10.7
2024-08-21,23:00,138,5.5,9
2024-08-21,23:10,140,6,9.9
2024-08-21,23:20,136,6.5,10.7
2024-08-21,23:30,138,6.1,11
2024-08-21,23:40,145,6.3,13.7
2024-08-21,23:50,145,6.5,11
2024-08-22,00:00,141,6.6,13.1
2024-08-22,00:10,148,7.8,15.2
2024-08-22,00:20,147,7.8,11.9
2024-08-22,00:30,147,6.3,11
2024-08-22,00:40,141,5.7,10.2
2024-08-22,00:50,144,5.7,8.7
2024-08-22,01:00,144,6.2,10.2
2024-08-22,01:10,140,8.8,13.4
2024-08-22,01:20,142,8.5,14.3
2024-08-22,01:30,144,7.4,14.6
2024-08-22,01:40,148,7.6,12.5
2024-08-22,01:50,147,7.6,12.5
2024-08-22,02:00,147,7.2,14.9
2024-08-22,02:10,143,8.1,15.8
2024-08-22,02:20,143,6.6,13.1
2024-08-22,02:30,141,9,17.6
2024-08-22,02:40,148,7.2,12.5
2024-08-22,02:50,156,5.5,10.2
2024-08-22,03:00,160,5.5,10.2
2024-08-22,03:10,167,5,8.1
2024-08-22,03:20,167,5,8.4
2024-08-22,03:30,163,5.2,8.1
2024-08-22,03:40,152,3.3,5.7
2024-08-22,03:50,165,5.1,8.4
2024-08-22,04:00,166,4.8,7.5
2024-08-22,04:10,163,4.6,8.1
2024-08-22,04:20,165,5.2,8.1
2024-08-22,04:30,163,4.9,8.1
2024-08-22,04:40,164,4,6.6
2024-08-22,04:50,165,4.9,7.8
2024-08-22,05:00,157,4,6.3
2024-08-22,05:10,158,3.8,7.2
2024-08-22,05:20,156,4.2,6.3
2024-08-22,05:30,159,3.5,5.7
2024-08-22,05:40,159,4.9,7.8
2024-08-22,05:50,141,4.3,7.8
2024-08-22,06:00,134,5.1,9
2024-08-22,06:10,144,4.8,8.7
2024-08-22,06:20,157,5.8,11.9
2024-08-22,06:30,155,5.1,9.6
2024-08-22,06:40,148,4.7,8.7
2024-08-22,06:50,142,3.6,6
2024-08-22,07:00,140,3.8,7.8
2024-08-22,07:10,144,3.9,7.5
2024-08-22,07:20,142,4,7.8
2024-08-22,07:30,142,5.1,8.1
2024-08-22,07:40,142,4.5,9.3
2024-08-22,07:50,142,3.9,8.1
2024-08-22,08:00,147,4.1,7.5
2024-08-22,08:10,150,4,7.8
2024-08-22,08:20,163,5.5,11.6
2024-08-22,08:30,146,4.9,8.1
2024-08-22,08:40,147,5.7,11.9
2024-08-22,08:50,146,5.5,9
2024-08-22,09:00,141,4.6,9
2024-08-22,09:10,144,5,9.6
2024-08-22,09:20,144,5.6,11.6
2024-08-22,09:30,147,5.9,10.7
2024-08-22,09:40,142,5.3,10.4
2024-08-22,09:50,144,5,9
2024-08-22,10:00,140,5.4,9.9
2024-08-22,10:10,142,5.5,9.9
2024-08-22,10:20,139,5.7,9.9
2024-08-22,10:30,143,5.1,11.6
2024-08-22,10:40,152,5.5,9.9
2024-08-22,10:50,155,5.2,7.8
2024-08-22,11:00,149,5.2,11
2024-08-22,11:10,144,5.6,10.2
2024-08-22,11:20,147,5.1,9
2024-08-22,11:30,154,7,13.7
2024-08-22,11:40,159,6.6,14.6
2024-08-22,11:50,151,6.6,10.7
2024-08-22,12:00,148,6.9,12.5
2024-08-22,12:10,150,6.5,11.6
2024-08-22,12:20,142,5.8,10.4
2024-08-22,12:30,146,5.5,10.2
2024-08-22,12:40,144,5.2,9
2024-08-22,12:50,144,4.9,9.3
2024-08-22,13:00,148,5.8,9.9
2024-08-22,13:10,148,7.2,12.2
2024-08-22,13:20,146,6,9.6
2024-08-22,13:30,149,5.7,8.7
2024-08-22,13:40,146,6.7,11
2024-08-22,13:50,147,5.9,9.9
2024-08-22,14:00,154,5.3,11.3
2024-08-22,14:10,143,5,11.6
2024-08-22,14:20,147,4.4,9.3
2024-08-22,14:30,146,4.5,8.1
2024-08-22,14:40,145,4,7.5
2024-08-22,14:50,145,4.1,6.9
2024-08-22,15:00,145,3.7,6.3
2024-08-22,15:10,146,4.1,9
2024-08-22,15:20,151,4.3,7.8
2024-08-22,15:30,156,5.5,9.6
2024-08-22,15:40,152,4.6,8.7
2024-08-22,15:50,247,4.4,11.9
2024-08-22,16:00,247,2.5,4.5
2024-08-22,16:10,253,3,6.9
2024-08-22,16:20,263,2.8,5.4
2024-08-22,16:30,283,2.2,9.3
2024-08-22,16:40,288,0.6,1.5
2024-08-22,16:50,267,0.8,2.4
2024-08-22,17:00,132,1.8,3.6
2024-08-22,17:10,125,2.6,3.6
2024-08-22,17:20,142,2.1,3
2024-08-22,17:30,146,1.8,2.7
2024-08-22,17:40,140,2.1,3.6
2024-08-22,17:50,135,2.5,4.5
2024-08-22,18:00,144,2.2,4.2
2024-08-22,18:10,151,2.6,4.5
2024-08-22,18:20,146,2.8,4.2
2024-08-22,18:30,152,2.4,3.6
2024-08-22,18:40,159,2.3,3
2024-08-22,18:50,148,2.2,3.3
2024-08-22,19:00,135,2.1,3.3
2024-08-22,19:10,141,1.6,3
2024-08-22,19:20,135,1.8,3
2024-08-22,19:30,140,2.6,3.9
2024-08-22,19:40,137,3,5.1
2024-08-22,19:50,134,3,5.4
2024-08-22,20:00,128,3,4.5
2024-08-22,20:10,133,3.2,4.8
2024-08-22,20:20,133,2.8,4.8
2024-08-22,20:30,133,2.3,4.2
2024-08-22,20:40,126,3,4.8
2024-08-22,20:50,134,3.5,4.5
2024-08-22,21:00,133,3.8,4.8
2024-08-22,21:10,127,3.1,4.2
2024-08-22,21:20,130,3.4,4.2
2024-08-22,21:30,136,3.2,5.4
2024-08-22,21:40,149,3.7,6.6
2024-08-22,21:50,139,2.7,3.9
2024-08-22,22:00,147,2.8,4.8
2024-08-22,22:10,158,3.5,5.4
2024-08-22,22:20,159,4.2,5.7
2024-08-22,22:30,162,4.8,6.9
2024-08-22,22:40,154,4,6
2024-08-22,22:50,146,3.1,5.1
2024-08-22,23:00,141,3.1,4.2
2024-08-22,23:10,141,3.3,5.1
2024-08-22,23:20,155,3.9,5.4
2024-08-22,23:30,149,4,6.3
2024-08-22,23:40,144,4,6.3
2024-08-22,23:50,138,4,6.3
2024-08-23,00:00,139,2.9,4.5
2024-08-23,00:10,138,3.1,4.8
2024-08-23,00:20,144,3.2,4.8
2024-08-23,00:30,139,2.6,4.2
2024-08-23,00:40,150,2.7,3.9
2024-08-23,00:50,152,3.1,5.1
2024-08-23,01:00,159,3.4,5.1
2024-08-23,01:10,157,3.4,4.5
2024-08-23,01:20,164,3.5,5.1
2024-08-23,01:30,159,4,6
2024-08-23,01:40,152,3.4,5.1
2024-08-23,01:50,158,3.7,5.4
2024-08-23,02:00,159,3.3,4.8
2024-08-23,02:10,157,2.8,4.2
2024-08-23,02:20,155,3.1,4.5
2024-08-23,02:30,147,2.9,4.8
2024-08-23,02:40,142,2.5,3.6
2024-08-23,02:50,148,2.6,3.6
2024-08-23,03:00,146,2.9,4.2
2024-08-23,03:10,144,2.1,3.3
2024-08-23,03:20,164,2.7,4.5
2024-08-23,03:30,162,3,5.1
2024-08-23,03:40,155,2.9,4.8
2024-08-23,03:50,146,2.9,4.2
2024-08-23,04:00,144,3.2,4.2
2024-08-23,04:10,150,3.3,4.8
2024-08-23,04:20,153,3.2,4.8
2024-08-23,04:30,160,2.8,4.2
2024-08-23,04:40,160,3.1,5.1
2024-08-23,04:50,154,4.3,6.9
2024-08-23,05:00,150,3.8,6.3
2024-08-23,05:10,158,2.8,3.9
2024-08-23,05:20,157,2.4,4.2
2024-08-23,05:30,160,3.1,4.5
2024-08-23,05:40,157,2.8,4.8
2024-08-23,05:50,152,2.3,4.8
2024-08-23,06:00,156,2.2,3.6
2024-08-23,06:10,160,2.2,3.6
2024-08-23,06:20,151,2.3,4.2
2024-08-23,06:30,141,2.2,3.3
2024-08-23,06:40,140,2.2,3.3
2024-08-23,06:50,146,2.6,3.9
2024-08-23,07:00,163,3.2,4.8
2024-08-23,07:10,152,2.2,3.6
2024-08-23,07:20,146,2.6,3.6
2024-08-23,07:30,148,2.8,4.5
2024-08-23,07:40,151,2.7,4.8
2024-08-23,07:50,144,3.1,5.4
2024-08-23,08:00,140,2.8,4.8
2024-08-23,08:10,135,3.1,5.1
2024-08-23,08:20,132,3,4.8
2024-08-23,08:30,139,3.7,5.7
2024-08-23,08:40,154,2.7,4.2
2024-08-23,08:50,158,2.3,3.6
2024-08-23,09:00,163,2.3,3.6
2024-08-23,09:10,161,2.2,3
2024-08-23,09:20,157,2,4.2
2024-08-23,09:30,164,1.3,2.1
2024-08-23,09:40,152,1.5,2.7
2024-08-23,09:50,144,1.3,2.7
2024-08-23,10:00,148,0.8,1.8
2024-08-23,10:10,176,0.6,1.8
2024-08-23,10:20,177,0.1,0.6
2024-08-23,10:30,177,0.5,1.5
2024-08-23,10:40,177,0.8,1.2
2024-08-23,10:50,177,0.7,1.5
2024-08-23,11:00,177,0.6,1.2
2024-08-23,11:10,177,0.8,1.5
2024-08-23,11:20,177,0.8,1.5
2024-08-23,11:30,233,1.5,2.4
2024-08-23,11:40,274,1.5,2.7
2024-08-23,11:50,279,1.9,3.6
2024-08-23,12:00,284,2.5,3.6
2024-08-23,12:10,297,1.8,2.7
2024-08-23,12:20,290,2.3,3.3
2024-08-23,12:30,300,1.5,3.3
2024-08-23,12:40,304,2.3,4.2
2024-08-23,12:50,304,1.6,3
2024-08-23,13:00,302,2.4,3.9
2024-08-23,13:10,298,2.6,3.9
2024-08-23,13:20,300,2.2,3.6
2024-08-23,13:30,298,2.1,3.6
2024-08-23,13:40,305,2.4,4.5
2024-08-23,13:50,310,2.9,4.8
2024-08-23,14:00,302,3,4.8
2024-08-23,14:10,305,2.8,4.8
2024-08-23,14:20,301,3.5,5.4
2024-08-23,14:30,311,4,6.9
2024-08-23,14:40,315,4.3,6.3
2024-08-23,14:50,313,3.9,6.9
2024-08-23,15:00,311,4.3,6.3
2024-08-23,15:10,314,4,6
2024-08-23,15:20,311,4.2,6.6
2024-08-23,15:30,311,4.6,7.8
2024-08-23,15:40,310,4.1,6.6
2024-08-23,15:50,307,4,7.2
2024-08-23,16:00,308,4.5,7.5
2024-08-23,16:10,307,4.3,7.2
2024-08-23,16:20,309,4.5,7.8
2024-08-23,16:30,311,4.3,8.7
2024-08-23,16:40,319,5.2,9.3
2024-08-23,16:50,311,3.7,6.3
2024-08-23,17:00,294,3.1,6.3
2024-08-23,17:10,298,3.4,6.6
2024-08-23,17:20,311,4,8.1
2024-08-23,17:30,313,3.4,6.3
2024-08-23,17:40,301,2.8,5.7
2024-08-23,17:50,301,3,5.4
2024-08-23,18:00,303,3.4,6.3
2024-08-23,18:10,296,3,6
2024-08-23,18:20,299,2.8,4.8
2024-08-23,18:30,299,2.8,6.3
2024-08-23,18:40,279,2.5,4.8
2024-08-23,18:50,277,3.2,6
2024-08-23,19:00,268,3.4,6.3
2024-08-23,19:10,272,2.8,5.7
2024-08-23,19:20,275,2.2,3.9
2024-08-23,19:30,280,1.9,4.2
2024-08-23,19:40,281,2.1,4.8
2024-08-23,19:50,275,2.4,5.1
2024-08-23,20:00,273,2.2,4.2
2024-08-23,20:10,279,1.5,3.6
2024-08-23,20:20,245,1.2,2.7
2024-08-23,20:30,210,1.5,2.7
2024-08-23,20:40,171,1.7,3.3
2024-08-23,20:50,156,1.8,3.3
2024-08-23,21:00,164,2.2,3.3
2024-08-23,21:10,161,2.6,3.9
2024-08-23,21:20,159,3,4.2
2024-08-23,21:30,164,2.5,3.6
2024-08-23,21:40,164,1.1,2.7
2024-08-23,21:50,164,0.1,0.6
2024-08-23,22:00,164,1.4,3.3
2024-08-23,22:10,142,2.1,3.3
2024-08-23,22:20,151,1.9,2.7
2024-08-23,22:30,153,2.2,3
2024-08-23,22:40,156,2.3,3
2024-08-23,22:50,159,2.5,3.3
2024-08-23,23:00,157,2.4,3
2024-08-23,23:10,147,2.4,3.3
2024-08-23,23:20,142,2.2,3.3
2024-08-23,23:30,131,2.5,4.2
2024-08-23,23:40,134,2.3,4.2
2024-08-23,23:50,136,2.2,3.3
2024-08-24,00:00,132,2.2,3.3
2024-08-24,00:10,140,2.3,3.9
2024-08-24,00:20,137,3.8,4.8
2024-08-24,00:30,134,3.5,4.5
2024-08-24,00:40,139,3.4,4.5
2024-08-24,00:50,141,3.4,4.2
2024-08-24,01:00,142,3.4,5.1
2024-08-24,01:10,142,3.1,3.9
2024-08-24,01:20,147,3.4,3.9
2024-08-24,01:30,153,3.4,4.5
2024-08-24,01:40,152,3.3,4.5
2024-08-24,01:50,160,2.7,3.6
2024-08-24,02:00,153,2.6,3.6
2024-08-24,02:10,143,2.7,4.8
2024-08-24,02:20,147,2.5,3.6
2024-08-24,02:30,145,2.5,3.6
2024-08-24,02:40,147,2.5,3.9
2024-08-24,02:50,152,2.4,3.9
2024-08-24,03:00,148,2.2,4.5
2024-08-24,03:10,149,2.2,3.6
2024-08-24,03:20,150,3.1,4.8
2024-08-24,03:30,159,3.5,5.4
2024-08-24,03:40,148,3.5,6.9
2024-08-24,03:50,150,3.6,5.7
2024-08-24,04:00,156,4.9,8.4
2024-08-24,04:10,165,3.7,6.3
2024-08-24,04:20,172,3.8,6.6
2024-08-24,04:30,165,4.9,8.1
2024-08-24,04:40,140,4.3,8.7
2024-08-24,04:50,141,3.4,6
2024-08-24,05:00,157,4.3,6
2024-08-24,05:10,151,4.3,6
2024-08-24,05:20,162,4.7,7.2
2024-08-24,05:30,156,4.1,6
2024-08-24,05:40,159,3.3,5.4
2024-08-24,05:50,158,3.5,6.6
2024-08-24,06:00,142,5,9.9
2024-08-24,06:10,144,4.6,6.9
2024-08-24,06:20,145,4.2,7.2
2024-08-24,06:30,165,3,6.6
2024-08-24,06:40,185,2.6,4.8
2024-08-24,06:50,159,3.6,6.3
2024-08-24,07:00,171,2.8,5.4
2024-08-24,07:10,157,4.7,9.3
2024-08-24,07:20,140,6.9,11.6
2024-08-24,07:30,129,5,8.7
2024-08-24,07:40,108,4.4,6.6
2024-08-24,07:50,119,4.9,8.1
2024-08-24,08:00,119,4.4,6.6
2024-08-24,08:10,122,4.8,7.8
2024-08-24,08:20,131,3.8,8.1
2024-08-24,08:30,124,4.1,6.6
2024-08-24,08:40,127,4.1,6.6
2024-08-24,08:50,138,4.7,11.3
2024-08-24,09:00,139,4.3,8.4
2024-08-24,09:10,110,2.7,5.1
2024-08-24,09:20,118,3.7,7.5
2024-08-24,09:30,119,3.7,6
2024-08-24,09:40,110,3.1,5.7
2024-08-24,09:50,132,4.2,8.7
2024-08-24,10:00,141,4.8,9
2024-08-24,10:10,157,6.5,11
2024-08-24,10:20,148,4.2,7.2
2024-08-24,10:30,144,6,14.3
2024-08-24,10:40,128,3.6,6.3
2024-08-24,10:50,125,4.4,8.1
2024-08-24,11:00,131,5.5,10.2
2024-08-24,11:10,126,5.1,12.5
2024-08-24,11:20,151,5.9,10.7
2024-08-24,11:30,137,2.5,7.2
2024-08-24,11:40,68,1.4,3.3
2024-08-24,11:50,159,1.3,3.3
2024-08-24,12:00,147,0.8,2.1
2024-08-24,12:10,95,1.8,3.3
2024-08-24,12:20,129,3.1,8.7
2024-08-24,12:30,159,5.2,11.6
2024-08-24,12:40,161,7.5,11.9
2024-08-24,12:50,155,5.5,8.4
2024-08-24,13:00,145,3.7,6.3
2024-08-24,13:10,139,4,7.2
2024-08-24,13:20,139,3.1,5.1
2024-08-24,13:30,138,3.6,7.5
2024-08-24,13:40,129,3,5.4
2024-08-24,13:50,138,3,5.7
2024-08-24,14:00,142,2,3.9
2024-08-24,14:10,142,2.5,4.2
2024-08-24,14:20,149,2.4,4.2
2024-08-24,14:30,131,2.8,4.2
2024-08-24,14:40,134,3.2,5.4
2024-08-24,14:50,138,4.2,6.6
2024-08-24,15:00,140,4.6,8.1
2024-08-24,15:10,142,3.4,5.4
2024-08-24,15:20,144,4,6
2024-08-24,15:30,140,4.3,6
2024-08-24,15:40,140,3.4,4.8
2024-08-24,15:50,156,4.1,6
2024-08-24,16:00,159,4.9,7.2
2024-08-24,16:10,171,4,6.3
2024-08-24,16:20,162,3.9,6.3
2024-08-24,16:30,164,2.5,4.5
2024-08-24,16:40,150,2.2,4.5
2024-08-24,16:50,170,2.1,4.2
2024-08-24,17:00,182,1.7,3
2024-08-24,17:10,177,2.3,3.6
2024-08-24,17:20,165,2.2,4.5
2024-08-24,17:30,156,1.9,3
2024-08-24,17:40,138,2.4,3.6
2024-08-24,17:50,140,2.3,3.6
2024-08-24,18:00,156,1.3,2.7
2024-08-24,18:10,136,1.7,3.6
2024-08-24,18:20,134,1.8,3.6
2024-08-24,18:30,148,3.2,5.4
2024-08-24,18:40,145,3.1,5.1
2024-08-24,18:50,146,2.7,4.5
2024-08-24,19:00,139,2.5,4.8
2024-08-24,19:10,156,2.8,5.1
2024-08-24,19:20,170,2.4,4.5
2024-08-24,19:30,174,3.2,5.1
2024-08-24,19:40,148,2,3.6
2024-08-24,19:50,188,2.7,4.8
2024-08-24,20:00,164,3.3,5.1
2024-08-24,20:10,161,2.8,4.5
2024-08-24,20:20,178,2.7,4.5
2024-08-24,20:30,149,2.8,4.8
2024-08-24,20:40,150,2.3,4.5
2024-08-24,20:50,168,3,4.5
2024-08-24,21:00,168,3.6,5.4
2024-08-24,21:10,148,2.6,4.2
2024-08-24,21:20,146,3.3,5.4
2024-08-24,21:30,132,3.6,5.1
2024-08-24,21:40,127,3.7,6.3
2024-08-24,21:50,124,4,5.7
2024-08-24,22:00,135,3.4,4.8
2024-08-24,22:10,140,3.4,4.5
2024-08-24,22:20,148,2.8,4.8
2024-08-24,22:30,156,3.1,4.2
2024-08-24,22:40,151,3.1,4.5
2024-08-24,22:50,166,4.4,7.2
2024-08-24,23:00,144,3.1,5.1
2024-08-24,23:10,141,3.2,4.2
2024-08-24,23:20,141,2.8,4.2
2024-08-24,23:30,145,3.5,6
2024-08-24,23:40,144,2.5,4.2
2024-08-24,23:50,146,2.7,5.4
2024-08-25,00:00,128,2.9,4.8
2024-08-25,00:10,126,2.7,4.5
2024-08-25,00:20,129,2.8,4.8
2024-08-25,00:30,131,3.2,5.1
2024-08-25,00:40,134,2.8,4.2
2024-08-25,00:50,141,2.4,3.9
2024-08-25,01:00,133,2.8,4.2
2024-08-25,01:10,137,3.1,4.5
2024-08-25,01:20,135,3.7,5.4
2024-08-25,01:30,139,3.8,6.9
2024-08-25,01:40,139,3.1,5.1
2024-08-25,01:50,141,3.7,6.3
2024-08-25,02:00,137,3.5,6
2024-08-25,02:10,135,3.4,4.8
2024-08-25,02:20,143,3.4,4.5
2024-08-25,02:30,142,3.1,3.9
2024-08-25,02:40,145,2.8,3.6
2024-08-25,02:50,157,3,4.2
2024-08-25,03:00,159,3.3,4.2
2024-08-25,03:10,163,2.9,4.8
2024-08-25,03:20,158,3.8,5.4
2024-08-25,03:30,154,3.4,4.8
2024-08-25,03:40,156,3.4,4.5
2024-08-25,03:50,153,2.9,4.8
2024-08-25,04:00,147,3.1,6.6
2024-08-25,04:10,143,3.4,7.2
2024-08-25,04:20,146,4.4,8.1
2024-08-25,04:30,151,4.3,8.7
2024-08-25,04:40,138,4.5,7.5
2024-08-25,04:50,128,4.3,6
2024-08-25,05:00,129,4.6,6
2024-08-25,05:10,129,4.5,6
2024-08-25,05:20,136,4.1,5.4
2024-08-25,05:30,122,3.5,6.3
2024-08-25,05:40,125,3.5,5.4
2024-08-25,05:50,122,3.1,4.5
2024-08-25,06:00,123,4,6.6
2024-08-25,06:10,121,3.9,6
2024-08-25,06:20,126,3.1,5.4
2024-08-25,06:30,134,3.5,5.4
2024-08-25,06:40,146,2.8,4.8
2024-08-25,06:50,132,3.2,6.6
2024-08-25,07:00,153,3,6
2024-08-25,07:10,172,2.2,4.5
2024-08-25,07:20,146,2.2,5.1
2024-08-25,07:30,188,1.8,3.6
2024-08-25,07:40,141,3.7,6.9
2024-08-25,07:50,148,3.3,6
2024-08-25,08:00,142,3,6
2024-08-25,08:10,137,3.4,5.7
2024-08-25,08:20,150,2.3,4.2
2024-08-25,08:30,185,2.2,7.5
2024-08-25,08:40,133,1.4,3
2024-08-25,08:50,152,2.2,4.8
2024-08-25,09:00,193,2.4,10.4
2024-08-25,09:10,264,2.8,5.4
2024-08-25,09:20,248,3.2,7.8
2024-08-25,09:30,283,3.1,6.6
2024-08-25,09:40,292,2.2,6.3
2024-08-25,09:50,302,1.8,3.6
2024-08-25,10:00,254,1.7,7.2
2024-08-25,10:10,142,1.9,3.6
2024-08-25,10:20,140,1.7,3.3
2024-08-25,10:30,138,1.8,4.8
2024-08-25,10:40,139,2.2,4.8
2024-08-25,10:50,251,3.1,8.7
2024-08-25,11:00,130,1.9,4.2
2024-08-25,11:10,104,1.8,3.3
2024-08-25,11:20,137,2.1,3.9
2024-08-25,11:30,145,1.5,3.3
2024-08-25,11:40,131,1.1,2.4
2024-08-25,11:50,90,1.6,3.9
2024-08-25,12:00,173,1.6,3.6
2024-08-25,12:10,323,0.9,2.1
2024-08-25,12:20,141,1.7,4.5
2024-08-25,12:30,258,1.7,5.4
2024-08-25,12:40,225,0.9,3
2024-08-25,12:50,233,2.1,6.3
2024-08-25,13:00,239,4.3,9
2024-08-25,13:10,152,3.4,7.2
2024-08-25,13:20,146,4.3,6.6
2024-08-25,13:30,127,2.8,6.3
2024-08-25,13:40,96,1.6,3
2024-08-25,13:50,122,1.7,3.3
2024-08-25,14:00,138,2.8,5.4
2024-08-25,14:10,155,3.4,7.5
2024-08-25,14:20,168,3.4,8.1
2024-08-25,14:30,153,2.9,6.6
2024-08-25,14:40,146,4,7.8
2024-08-25,14:50,149,4.5,7.2
2024-08-25,15:00,152,3.8,7.8
2024-08-25,15:10,145,4.6,8.1
2024-08-25,15:20,145,4.1,7.5
2024-08-25,15:30,146,4.6,9
2024-08-25,15:40,144,3.9,8.4
2024-08-25,15:50,148,4.9,9
2024-08-25,16:00,149,5.2,8.7
2024-08-25,16:10,156,5.7,10.4
2024-08-25,16:20,148,5.7,10.2
2024-08-25,16:30,152,6,9.9
2024-08-25,16:40,154,6.4,11
2024-08-25,16:50,155,5.6,9.3
2024-08-25,17:00,158,6.3,10.7
2024-08-25,17:10,160,5.7,9
2024-08-25,17:20,159,5.7,10.2
2024-08-25,17:30,155,5.5,10.2
2024-08-25,17:40,180,3.6,7.2
2024-08-25,17:50,154,4.6,9.9
2024-08-25,18:00,153,4.2,8.7
2024-08-25,18:10,160,6.5,12.2
2024-08-25,18:20,139,3.5,6.9
2024-08-25,18:30,135,2.9,5.1
2024-08-25,18:40,154,4.8,9.6
2024-08-25,18:50,152,2.3,4.2
2024-08-25,19:00,132,3.3,6.3
2024-08-25,19:10,133,4.1,7.5
2024-08-25,19:20,134,2.6,4.2
2024-08-25,19:30,132,2.4,4.2
2024-08-25,19:40,124,3,5.4
2024-08-25,19:50,138,3.5,6.3
2024-08-25,20:00,139,4.3,7.8
2024-08-25,20:10,151,4.1,7.5
2024-08-25,20:20,148,2.7,5.1
2024-08-25,20:30,148,3.5,6.3
2024-08-25,20:40,142,3.5,6
2024-08-25,20:50,145,3.7,7.8
2024-08-25,21:00,159,2.8,4.8
2024-08-25,21:10,139,2.9,6
2024-08-25,21:20,147,3.4,5.7
2024-08-25,21:30,146,4.9,8.7
2024-08-25,21:40,141,5.4,9
2024-08-25,21:50,136,4.6,8.1
2024-08-25,22:00,141,4.4,7.2
2024-08-25,22:10,134,4.6,8.7
2024-08-25,22:20,139,5.1,10.4
2024-08-25,22:30,138,4.9,8.4
2024-08-25,22:40,142,5.5,10.2
2024-08-25,22:50,138,6.3,11.9
2024-08-25,23:00,140,6.3,10.4
2024-08-25,23:10,139,6.1,11
2024-08-25,23:20,139,6.7,11.3
2024-08-25,23:30,140,7.1,11.9
2024-08-25,23:40,141,8.3,14
2024-08-25,23:50,141,8.7,14.6
